aciklama,resimUrl
Gazze görüntüsü 1,https://firebasestorage.googleapis.com/v0/b/boykotuygulamasi-5ad6b.firebasestorage.app/o/1%20(1).jpg?alt=media&token=0e0fae22-6666-4a32-bcb0-8f353b647c9d
Gazze görüntüsü 2,https://firebasestorage.googleapis.com/v0/b/boykotuygulamasi-5ad6b.firebasestorage.app/o/1%20(1).webp?alt=media&token=decbd4e4-be29-45ab-82b9-d62b861fd766
Gazze görüntüsü 3,https://firebasestorage.googleapis.com/v0/b/boykotuygulamasi-5ad6b.firebasestorage.app/o/1%20(10).jpg?alt=media&token=4bd208ce-a0f1-420a-bf72-5e9ede46098e
Gazze görüntüsü 4,https://firebasestorage.googleapis.com/v0/b/boykotuygulamasi-5ad6b.firebasestorage.app/o/1%20(11).jpg?alt=media&token=d53e5833-1e2b-4a60-986d-7b2c79a42ba3
Gazze görüntüsü 5,https://firebasestorage.googleapis.com/v0/b/boykotuygulamasi-5ad6b.firebasestorage.app/o/1%20(12).jpg?alt=media&token=06612d2c-acb0-417c-be4a-9398e04afcbb
Gazze görüntüsü 6,https://firebasestorage.googleapis.com/v0/b/boykotuygulamasi-5ad6b.firebasestorage.app/o/1%20(13).jpg?alt=media&token=9cc414c3-fa55-40d8-b98a-36182cb4c9d8
Gazze görüntüsü 7,https://firebasestorage.googleapis.com/v0/b/boykotuygulamasi-5ad6b.firebasestorage.app/o/1%20(14).jpg?alt=media&token=96f1e0af-fce3-4b48-b457-8406f7bfdccd
Gazze görüntüsü 8,https://firebasestorage.googleapis.com/v0/b/boykotuygulamasi-5ad6b.firebasestorage.app/o/1%20(15).jpg?alt=media&token=da8cef9b-18ba-435b-9a16-798805c8b30b
Gazze görüntüsü 9,https://firebasestorage.googleapis.com/v0/b/boykotuygulamasi-5ad6b.firebasestorage.app/o/1%20(16).jpg?alt=media&token=4ed0cc26-5bd7-4ba8-a507-a4fdd86543f0
Gazze görüntüsü 10,https://firebasestorage.googleapis.com/v0/b/boykotuygulamasi-5ad6b.firebasestorage.app/o/1%20(17).jpg?alt=media&token=b9e40fe3-e91b-4c9b-977c-eb529808c030
Gazze görüntüsü 11,https://firebasestorage.googleapis.com/v0/b/boykotuygulamasi-5ad6b.firebasestorage.app/o/1%20(18).jpg?alt=media&token=84bf291c-3bdd-4b6a-8e31-b0638c4ce64f
Gazze görüntüsü 12,https://firebasestorage.googleapis.com/v0/b/boykotuygulamasi-5ad6b.firebasestorage.app/o/1%20(2).jpg?alt=media&token=413c7c14-974c-43d2-b8cc-545b784284a7
Gazze görüntüsü 13,https://firebasestorage.googleapis.com/v0/b/boykotuygulamasi-5ad6b.firebasestorage.app/o/1%20(2).webp?alt=media&token=a11b8956-c984-4027-83ce-607c30a5bf65
Gazze görüntüsü 14,https://firebasestorage.googleapis.com/v0/b/boykotuygulamasi-5ad6b.firebasestorage.app/o/1%20(3).jpg?alt=media&token=0c233d2d-0e8f-4bcb-bc5e-4f0e13bc2162
Gazze görüntüsü 15,https://firebasestorage.googleapis.com/v0/b/boykotuygulamasi-5ad6b.firebasestorage.app/o/1%20(3).webp?alt=media&token=0c3c1189-e7f2-4aaa-b0c2-2eb101c69934
Gazze görüntüsü 16,https://firebasestorage.googleapis.com/v0/b/boykotuygulamasi-5ad6b.firebasestorage.app/o/1%20(4).jpg?alt=media&token=7a362910-e381-4832-a3ff-0c0874770d7d
Gazze görüntüsü 17,https://firebasestorage.googleapis.com/v0/b/boykotuygulamasi-5ad6b.firebasestorage.app/o/1%20(4).webp?alt=media&token=1687f9d3-23dd-47d3-9c7a-f1fe7c16fa48
Gazze görüntüsü 18,https://firebasestorage.googleapis.com/v0/b/boykotuygulamasi-5ad6b.firebasestorage.app/o/1%20(5).jpg?alt=media&token=6ab22f61-18f0-4b94-8171-45b244458c22
Gazze görüntüsü 19,https://firebasestorage.googleapis.com/v0/b/boykotuygulamasi-5ad6b.firebasestorage.app/o/1%20(5).webp?alt=media&token=d230abb4-be8a-436f-a91d-d87ad48859a7
Gazze görüntüsü 20,https://firebasestorage.googleapis.com/v0/b/boykotuygulamasi-5ad6b.firebasestorage.app/o/1%20(6).jpg?alt=media&token=70ade24e-ccaf-41c7-94e6-23955f8c7c91
Gazze görüntüsü 21,https://firebasestorage.googleapis.com/v0/b/boykotuygulamasi-5ad6b.firebasestorage.app/o/1%20(7).jpg?alt=media&token=1f9c5bf8-dc52-4f7b-aa71-a55f4b72b567
Gazze görüntüsü 22,https://firebasestorage.googleapis.com/v0/b/boykotuygulamasi-5ad6b.firebasestorage.app/o/1%20(8).jpg?alt=media&token=cc48de49-5e5d-42ef-a197-470083d113db
Gazze görüntüsü 23,https://firebasestorage.googleapis.com/v0/b/boykotuygulamasi-5ad6b.firebasestorage.app/o/1%20(9).jpg?alt=media&token=408ba78d-bed5-4ffe-a1d6-77fbed649e98
